<?xml version="1.0" encoding="utf-8"?><!DOCTYPE nta PUBLIC '-//Uppaal Team//DTD Flat System 1.1//EN' 'http://www.it.uu.se/research/group/darts/uppaal/flat-1_1.dtd'><nta><declaration>// Place global declarations here.
chan SA0, SA1, RA0, RA1, S0, S1, R0, R1;
</declaration><template><name x="8" y="8">Sender</name><declaration>// Place local declarations here.
clock sc;</declaration><location id="id0" x="0" y="160"><label kind="invariant" x="-72" y="152">sc &lt;= 5</label></location><location id="id1" x="256" y="160"><name x="272" y="136">M1</name><urgent/></location><location id="id2" x="256" y="-32"><name x="272" y="-24">New_message</name><label kind="invariant" x="280" y="-40">sc &lt;= 5</label></location><location id="id3" x="0" y="-32"><name x="-8" y="-72">M0</name><urgent/></location><init ref="id3"/><transition><source ref="id0"/><target ref="id0"/><label kind="synchronisation" x="-80" y="192">S1!</label><label kind="assignment" x="-80" y="208">sc = 0</label><nail x="24" y="200"/><nail x="0" y="232"/><nail x="-24" y="200"/></transition><transition><source ref="id2"/><target ref="id2"/><label kind="synchronisation" x="272" y="-120">S0!</label><label kind="assignment" x="272" y="-105">sc = 0</label><nail x="232" y="-72"/><nail x="256" y="-104"/><nail x="280" y="-72"/></transition><transition><source ref="id0"/><target ref="id3"/><label kind="synchronisation" x="-80" y="48">RA1?</label><nail x="-32" y="64"/></transition><transition><source ref="id0"/><target ref="id1"/><label kind="synchronisation" x="120" y="104">RA0?</label><nail x="128" y="128"/></transition><transition><source ref="id1"/><target ref="id0"/><label kind="synchronisation" x="120" y="200">S1!</label><label kind="assignment" x="120" y="216">sc  = 0</label><nail x="128" y="192"/></transition><transition><source ref="id2"/><target ref="id3"/><label kind="synchronisation" x="120" y="8">RA1?</label><nail x="128" y="0"/></transition><transition><source ref="id2"/><target ref="id1"/><label kind="synchronisation" x="296" y="48">RA0?</label><nail x="288" y="64"/></transition><transition><source ref="id3"/><target ref="id2"/><label kind="synchronisation" x="120" y="-96">S0!</label><label kind="assignment" x="120" y="-80">sc  = 0</label><nail x="8" y="-40"/><nail x="128" y="-64"/></transition></template><template><name>Resiver</name><declaration>clock rc;</declaration><location id="id4" x="208" y="128"><name x="224" y="120">M1</name><label kind="invariant" x="248" y="120">rc &lt;= 5</label></location><location id="id5" x="16" y="128"></location><location id="id6" x="208" y="-32"></location><location id="id7" x="16" y="-32"><name x="-64" y="-56">M0</name><label kind="invariant" x="-64" y="-40">rc &lt;= 5</label></location><init ref="id7"/><transition><source ref="id4"/><target ref="id4"/><label kind="synchronisation" x="240" y="176">SA0!</label><label kind="assignment" x="240" y="192">rc = 0</label><nail x="240" y="176"/><nail x="216" y="208"/><nail x="192" y="176"/></transition><transition><source ref="id7"/><target ref="id7"/><label kind="synchronisation" x="-64" y="-88">SA1!</label><label kind="assignment" x="-64" y="-112">rc = 0</label><nail x="-16" y="-72"/><nail x="-16" y="-72"/><nail x="8" y="-112"/><nail x="40" y="-72"/></transition><transition><source ref="id7"/><target ref="id5"/><label kind="synchronisation" x="48" y="16">R1?</label><nail x="48" y="56"/></transition><transition><source ref="id5"/><target ref="id7"/><label kind="synchronisation" x="-56" y="16">SA1!</label><label kind="assignment" x="-56" y="32">rc = 0</label><nail x="16" y="112"/><nail x="-16" y="48"/></transition><transition><source ref="id4"/><target ref="id5"/><label kind="synchronisation" x="96" y="168">R1?</label><nail x="112" y="160"/></transition><transition><source ref="id4"/><target ref="id6"/><label kind="synchronisation" x="136" y="40">R0?</label><nail x="176" y="48"/></transition><transition><source ref="id6"/><target ref="id4"/><label kind="synchronisation" x="240" y="16">SA0!</label><label kind="assignment" x="240" y="32">rc = 0</label><nail x="240" y="48"/></transition><transition><source ref="id7"/><target ref="id6"/><label kind="synchronisation" x="104" y="-80">R0?</label><nail x="112" y="-64"/></transition></template><template><name>Channel_old</name><declaration>clock cc;</declaration><location id="id8" x="-3208" y="184"><urgent/></location><location id="id9" x="-2912" y="-128"><urgent/></location><location id="id10" x="-3208" y="-112"><urgent/></location><location id="id11" x="-2888" y="168"><urgent/></location><location id="id12" x="-3152" y="112"><label kind="invariant" x="-3224" y="96">cc &lt;= 5</label></location><location id="id13" x="-2960" y="112"></location><location id="id14" x="-2960" y="-48"><label kind="invariant" x="-2944" y="-48">cc &lt;= 5</label></location><location id="id15" x="-3152" y="-48"></location><init ref="id15"/><transition><source ref="id14"/><target ref="id15"/><label kind="synchronisation" x="-3064" y="-8">R1?</label><nail x="-3056" y="-16"/></transition><transition><source ref="id12"/><target ref="id13"/><label kind="synchronisation" x="-3064" y="56">R0?</label><nail x="-3056" y="80"/></transition><transition><source ref="id8"/><target ref="id12"/><label kind="assignment" x="-3264" y="144">cc = 0</label><nail x="-3208" y="136"/></transition><transition><source ref="id12"/><target ref="id8"/><nail x="-3152" y="168"/></transition><transition><source ref="id9"/><target ref="id14"/><label kind="assignment" x="-2904" y="-104">cc = 0</label><nail x="-2904" y="-80"/></transition><transition><source ref="id14"/><target ref="id9"/><nail x="-2960" y="-104"/></transition><transition><source ref="id11"/><target ref="id13"/><label kind="synchronisation" x="-2976" y="168">RA0!</label><nail x="-2936" y="168"/></transition><transition><source ref="id13"/><target ref="id11"/><label kind="synchronisation" x="-2896" y="112">SA0?</label><nail x="-2904" y="112"/></transition><transition><source ref="id10"/><target ref="id15"/><label kind="synchronisation" x="-3240" y="-56">RA1!</label><nail x="-3208" y="-64"/></transition><transition><source ref="id15"/><target ref="id10"/><label kind="synchronisation" x="-3176" y="-120">SA1?</label><nail x="-3152" y="-96"/></transition><transition><source ref="id12"/><target ref="id15"/><label kind="synchronisation" x="-3144" y="24">R1!</label><nail x="-3152" y="40"/></transition><transition><source ref="id13"/><target ref="id12"/><label kind="synchronisation" x="-3064" y="152">S1?</label><label kind="assignment" x="-3064" y="168">cc = 0</label><nail x="-3056" y="144"/></transition><transition><source ref="id14"/><target ref="id13"/><label kind="synchronisation" x="-2992" y="24">R0!</label><nail x="-2960" y="40"/></transition><transition><source ref="id15"/><target ref="id14"/><label kind="synchronisation" x="-3064" y="-112">S0?</label><label kind="assignment" x="-3064" y="-96">cc = 0</label><nail x="-3056" y="-80"/></transition></template><template><name>Channel</name><location id="id16" x="-64" y="-32"><urgent/></location><location id="id17" x="-352" y="-32"></location><init ref="id17"/><transition><source ref="id16"/><target ref="id17"/><label kind="synchronisation" x="-208" y="96">RA1!</label><nail x="-192" y="96"/></transition><transition><source ref="id16"/><target ref="id17"/><label kind="synchronisation" x="-208" y="64">RA0!</label><nail x="-192" y="64"/></transition><transition><source ref="id16"/><target ref="id17"/><label kind="synchronisation" x="-208" y="8">R0!</label><nail x="-192" y="32"/><nail x="-352" y="-24"/></transition><transition><source ref="id16"/><target ref="id17"/><label kind="synchronisation" x="-216" y="-24">R1!</label><nail x="-192" y="0"/></transition><transition><source ref="id17"/><target ref="id16"/><label kind="synchronisation" x="-208" y="-264">SA0?</label><nail x="-192" y="-240"/></transition><transition><source ref="id17"/><target ref="id16"/><label kind="synchronisation" x="-208" y="-192">SA1?</label><nail x="-192" y="-176"/></transition><transition><source ref="id17"/><target ref="id16"/><label kind="synchronisation" x="-208" y="-136">S1?</label><nail x="-192" y="-120"/></transition><transition><source ref="id17"/><target ref="id16"/><label kind="synchronisation" x="-208" y="-80">S0?</label><nail x="-192" y="-64"/></transition></template><system>// Place template instantiations here.
S = Sender();
R = Resiver();
LC = Channel(); 
// List one or more processes to be composed into a system.
system S, R, LC;</system></nta>